municipality,KEY_population_25_and_older,edu_high_school_and_higher_%,edu_bachelors_and_higher_%,KEY_pop_16_+,unemployment_rate_%,median_household_income,mean_household_income,families_below_poverty_level_%,people_below_poverty_level_%,KEY_total_housing_units,occupancy_%,1-unit_detached_%,1-unit_attached_%,2-units_%,3-4_units_%,5-9_units_%,10-19_units_%,20+_units_%,mobile_home_%,boat_RV_van_%,owner-occupied_%,renter-occupied_%,KEY_total_population,males-to-100females,median_age,demo_white_%,demo_black_aa_%,demo_american_indian_%,demo_asian_%,demo_native_islander%,demo_other_Race_%,demo_hispanic_latino_%
Abington,11793,94.7,39.1,13727.0,4.3,99381.0,105390.0,2.5,4.1,6781.0,94.3,58.9,6.0,5.0,11.7,6.1,8.0,4.3,0.0,0.0,73.3,26.7,16436.0,97.7,42.2,93.2,3.0,0.3,4.9,0.0,1.4,2.6
Acushnet,2265,90.4,16.3,2651.0,6.7,81375.0,85990.0,6.9,8.1,1309.0,99.3,79.3,2.2,3.3999999999999995,11.1,1.5,0.6,0.8,1.1,0.0,78.8,21.2,3177.0,93.40000000000002,45.20000000000001,97.3,3.2999999999999994,3.1,0.9,0.0,1.8999999999999997,9.2
Agawam,21598,93.3,33.2,23942.0,3.5,68944.0,87473.0,4.3,7.9,12253.0,96.5,64.9,5.1,5.0,4.2,8.2,4.6,7.7,0.3,0.0,75.8,24.2,28696.0,95.3,46.4,95.6,2.8,0.7,2.8,0.0,0.4,5.4
Amesbury,12633,94.2,41.1,14452.0,3.6,82468.0,100890.0,3.6,6.3,7549.0,95.6,52.7,9.5,7.0,7.5,4.9,5.9,12.5,0.0,0.0,70.2,29.8,17434.0,95.1,43.9,98.1,1.5,0.6,2.0,0.0,0.1,2.5
Amherst,8643,94.66721045933124,65.34968182344095,30588.0,10.221668628220216,47949.197920753235,77223.09382764483,6.088472603635413,30.224231724859422,7287.0,86.9739124468231,34.71118430080966,4.756154796212433,10.5206257719226,10.696171263894605,12.624221215863868,13.20334842870866,13.459036640592839,0.0,0.0,38.27535336901331,61.72464663098669,32422.0,95.83788785392635,21.243893035593114,78.09636049595954,7.570242427981,1.196277219172167,15.605681327493675,0.7704737523903522,1.8437203133674664,7.582604404416754
Arlington,33360,96.6,70.9,36696.0,3.3,108389.0,138350.0,3.1,5.2,20207.0,94.3,38.4,5.6,25.0,7.2,3.0,4.8,15.9,0.1,0.0,58.0,42.0,45304.0,86.6,40.7,83.3,4.0,0.5,14.9,0.0,1.2,4.9
Athol,5918,87.9,17.0,6989.0,10.0,49653.0,62635.0,12.0,17.3,3870.0,86.7,61.0,3.0,12.3,9.0,6.0,4.7,3.7,0.2,0.0,63.4,36.6,8617.0,82.8,39.3,93.5,3.6,0.5,1.2,0.0,4.8,6.5
Ayer,2202,93.1,47.9,2313.0,3.7,74659.0,85379.0,2.9,10.3,1437.0,98.9,38.1,4.2,15.2,19.4,13.2,2.6,7.2,0.0,0.0,45.5,54.5,2910.0,92.3,43.2,92.2,6.9,3.0,2.7,0.0,0.0,7.4
Baldwinville,1278,90.3,22.4,1455.0,2.1,77768.0,73978.0,5.6,6.3,772.0,93.4,67.7,18.7,7.8,2.2,1.3,0.0,2.3,0.0,0.0,82.4,17.6,1736.0,108.4,48.3,93.6,0.0,0.0,2.4,0.0,4.0,10.0
Barnstable,33500,93.7,38.6,37686.0,4.4,72733.0,100447.0,5.7,7.9,26395.0,71.2,81.9,2.8,2.5,4.8,3.7,1.4,2.8,0.0,0.0,75.0,25.0,44406.0,94.9,48.3,91.4,6.7,0.8,1.2,0.2,1.6,5.9
Barre,820,97.6,34.5,918.0,3.8,50268.0,67892.0,0.0,2.7,555.0,92.6,65.6,0.0,19.1,1.8,13.5,0.0,0.0,0.0,0.0,74.5,25.5,986.0,98.8,55.8,100.0,0.0,0.0,0.0,0.0,0.0,0.0
Belchertown,2017,93.2,40.5,2328.0,4.4,78578.0,96836.0,3.7,9.3,1224.0,92.9,59.9,7.0,6.8,8.5,6.6,11.2,0.0,0.0,0.0,68.4,31.6,2874.0,99.0,42.0,92.9,1.5,0.0,9.2,0.0,0.0,5.2
Bellingham,3242,94.9,35.2,3627.0,8.8,87045.0,102300.0,2.8,3.6,2102.0,93.2,70.1,3.7,2.2,0.7,4.8,2.8,15.7,0.0,0.0,69.7,30.3,4383.0,84.1,46.5,94.1,2.4,0.0,2.5,0.0,3.3,3.3
Belmont,18054,97.0,75.4,20297.0,4.0,129380.0,178083.0,3.9,6.0,10236.0,95.9,47.9,6.7,29.7,8.3,1.1,1.0,5.4,0.0,0.0,64.5,35.5,26113.0,86.5,41.1,80.6,2.6,0.5,19.8,0.0,0.5,4.3
Beverly,28683,95.2,50.6,34999.0,3.4,80586.0,112540.0,6.0,9.3,17216.0,95.5,49.7,3.1,8.5,13.0,6.9,5.9,12.6,0.0,0.3,60.5,39.5,41885.0,87.1,40.4,94.5,3.7,0.4,2.8,0.3,1.1,5.1
Blandford,224,91.5,31.7,253.0,3.4,87500.0,98521.0,0.0,2.2,184.0,70.7,92.9,0.0,7.1,0.0,0.0,0.0,0.0,0.0,0.0,92.3,7.7,278.0,137.6,54.7,98.6,0.0,1.4,0.0,0.0,0.0,0.0
Bliss Corner,4134,83.1,32.3,4575.0,3.0,63958.0,82067.0,5.0,8.7,2266.0,98.9,69.8,1.2,12.7,7.6,6.9,0.5,1.3,0.0,0.0,67.2,32.8,5150.0,77.0,50.1,93.9,0.2,0.0,1.8,0.0,4.5,6.1
Boston,473775,87.2,49.7,586859.0,6.6,71115.0,107608.0,14.1,18.9,294418.0,91.5,11.9,6.3,13.4,24.2,11.0,7.7,25.3,0.1,0.0,35.0,65.0,684379.0,92.3,32.2,57.4,28.9,0.9,10.7,0.2,7.4,19.8
Bourne,1145,100.0,53.0,1189.0,4.7,51595.0,71079.0,4.5,7.2,1181.0,66.1,84.2,2.5,1.2,2.5,1.1,6.5,2.0,0.0,0.0,78.1,21.9,1408.0,71.7,63.2,100.0,0.0,0.0,0.0,0.0,0.0,1.0
Boxford,1668,98.5,61.0,1972.0,6.5,192417.0,237254.0,0.0,0.0,795.0,100.0,97.1,0.0,2.9,0.0,0.0,0.0,0.0,0.0,0.0,100.0,0.0,2585.0,99.0,46.7,96.5,2.7,2.7,3.9,0.0,0.0,1.5
Braintree,26343,93.8,43.4,29678.0,3.5,96522.0,117154.0,3.9,4.6,14607.0,96.0,61.2,4.6,5.5,5.2,5.8,6.7,11.0,0.0,0.0,73.0,27.0,37220.0,93.7,41.5,82.2,3.5,0.8,14.5,0.0,0.9,2.1
Brewster,1434,100.0,54.0,1531.0,4.4,53517.0,84459.0,7.3,8.3,2244.0,36.3,84.6,7.5,0.5,4.9,1.9,0.0,0.6,0.0,0.0,89.3,10.7,1637.0,88.2,63.4,95.7,4.3,0.0,3.3,0.0,0.0,0.3
Brockton,62411,80.5,18.6,74626.0,8.3,58469.0,77290.0,11.9,14.8,33861.0,94.0,47.4,2.9,12.3,16.0,5.7,6.0,9.4,0.2,0.1,55.0,45.0,95594.0,91.0,35.7,38.1,48.0,0.9,2.4,0.1,14.3,11.1
Brookline,40345,97.4,83.5,49161.0,2.8,117326.0,171664.0,6.3,12.3,25963.0,94.1,18.4,5.4,7.7,14.0,15.4,6.7,32.3,0.0,0.1,48.9,51.1,59180.0,88.9,33.7,76.3,4.7,1.0,20.8,0.2,2.6,6.8
Burlington,19843,95.7,56.9,22564.0,2.8,118721.0,139198.0,2.7,3.8,10674.0,93.7,65.2,4.1,0.7,0.7,6.0,7.1,15.8,0.3,0.0,73.6,26.4,27650.0,91.3,41.1,77.2,5.4,0.4,19.7,0.4,0.9,3.1
Buzzards Bay,2556,95.1,36.2,3109.0,1.7,75142.0,116951.0,2.4,7.0,1882.0,77.0,84.8,4.4,2.8,2.8,2.4,0.0,2.9,0.0,0.0,70.6,29.4,3528.0,119.1,47.0,97.2,2.9,0.5,2.2,0.0,0.6,2.9
Cambridge,79240,95.5,79.0,103953.0,4.0,103154.0,139991.0,7.3,12.7,51882.0,90.3,8.7,5.8,12.6,17.2,10.6,7.5,37.6,0.1,0.0,34.8,65.2,116632.0,99.4,30.5,70.0,12.2,0.8,19.1,0.2,2.4,9.5
Chatham,2276,96.9408172231986,61.971748681898056,1221.439806678383,2.9632688927943764,80698.31546572935,109966.23681898067,8.40360281195079,12.114279437609841,2132.761423550088,33.60927065026362,86.75729349736379,2.99780316344464,2.726845342706503,3.153690685413005,1.9849297012302285,1.7665641476274165,0.569859402460457,0.0,0.0,78.75698594024604,21.243014059753953,1310.1414762741651,85.392618629174,64.90518453427066,99.4408172231986,0.559182776801406,1.5161687170474518,0.0,0.0,0.0,0.0
Chelsea,26254,68.9,18.5,30630.0,4.7,56802.0,71040.0,15.8,18.1,13907.0,95.4,6.6,4.9,21.2,27.1,9.2,6.0,24.5,0.3,0.2,25.9,74.1,39992.0,106.9,33.3,80.8,38.0,0.4,4.5,0.0,9.3,67.0
Cheshire,367,94.0,37.6,488.0,4.1,79107.0,86974.0,0.0,0.0,299.0,72.2,57.9,0.0,7.4,4.0,0.0,0.0,0.0,30.8,0.0,76.4,23.6,539.0,100.4,51.8,100.0,0.0,1.5,0.0,0.0,0.0,0.0
Chicopee,38925,86.1,20.0,45709.0,5.9,53225.0,66591.0,10.9,13.8,24797.0,93.1,47.9,5.5,13.3,12.7,8.0,3.2,6.7,2.7,0.0,58.6,41.4,55421.0,93.7,39.7,87.7,6.0,0.4,2.8,0.1,5.2,21.0
Clinton,4957,86.7,25.6,5904.0,4.4,53972.0,70416.0,7.5,11.0,3267.0,88.6,32.8,6.1,18.2,22.3,9.5,3.1,7.3,0.9,0.0,44.8,55.2,7154.0,102.8,36.2,88.0,5.7,0.0,0.3,0.0,6.8,22.9
Cochituate,4831,97.4,76.4,5593.0,1.9,162390.0,208802.0,1.0,1.9,2610.0,93.0,82.3,5.5,3.3,1.1,0.0,2.3,3.1,2.5,0.0,89.4,10.6,7226.0,110.9,42.7,88.5,0.7,0.2,13.3,0.0,0.6,5.9
Concord,5503,93.0,63.3,6058.0,3.7,114440.0,143008.0,0.5,5.0,2888.0,90.2,45.2,9.2,2.3,8.8,7.1,2.7,24.6,0.0,0.0,59.2,40.8,7394.0,120.6,41.9,80.8,10.9,1.3,4.6,0.0,7.0,15.0
Cordaville,1877,97.4,67.2,2208.0,3.3,167635.0,194147.0,1.0,1.1,971.0,100.0,97.3,1.8,0.9,0.0,0.0,0.0,0.0,0.0,0.0,93.0,7.0,3039.0,88.6,39.7,83.9,1.0,0.3,17.6,0.0,0.0,0.4
Danvers,20248,93.7,43.2,23031.0,3.7,89250.0,110199.0,5.0,7.1,11128.0,96.1,57.9,5.9,6.9,5.1,7.9,3.7,11.6,1.0,0.1,71.3,28.7,27586.0,84.0,44.6,93.9,3.4,0.8,3.6,0.1,1.1,5.1
Dedham,18618,95.2,53.3,20987.0,3.7,100757.0,131790.0,2.4,4.5,10577.0,94.9,65.1,4.1,8.0,4.9,2.6,1.5,13.3,0.4,0.0,72.1,27.9,25283.0,86.8,42.9,86.6,8.5,0.4,3.7,0.1,3.3,8.7
Deerfield,1793,95.75504740658114,54.34958170663691,1476.3050752928054,4.711154489682097,-115570023.67094256,106340.9196876743,3.1408812046848853,8.483045175683213,722.0117122141662,98.9254880089236,68.41416620189626,0.0,13.493809258226436,6.355047406581149,1.653095370886782,10.00122699386503,0.0,0.0,0.0,62.89397657557167,37.10602342442834,1794.6977133296152,102.89860568878973,43.14088120468489,95.31059676519799,5.904629113218071,0.24796430563301727,2.718237590630228,0.9092024539877301,0.22548800892359175,4.127440044617959
Dennis,11401,95.96869572844489,41.32305938075608,2523.903078677309,5.223761073590036,66612.2913779493,89144.42724322427,5.947381808613279,8.814279449171126,3244.6168757126566,45.975247785281994,82.82455924918867,2.884904832909394,3.425787211648101,2.9462766423997895,2.25548636084554,2.3698535216209105,1.4972633979475485,1.7775984562757654,0.0,73.91241996316113,26.087580036838872,2852.1092009472854,90.95799491272696,57.91515656521357,93.56510832383125,4.331567406367863,1.1287957196737128,1.0334181212174371,0.06697658100166652,1.0570563985615298,2.0466713446188933
Devens,1624,96.5,30.9,1755.0,1.8,92426.0,118557.0,4.1,21.3,239.0,100.0,34.3,18.4,8.8,35.6,2.9,0.0,0.0,0.0,0.0,76.6,23.4,1969.0,443.9,43.1,64.4,20.4,2.5,12.0,0.6,5.6,14.0
Douglas,1889,94.9,36.7,2205.0,3.8,73841.0,107166.0,0.0,3.0,1184.0,89.2,53.3,2.8,9.6,4.1,10.4,8.7,9.8,1.4,0.0,61.39999999999999,38.6,2592.0,99.2,48.4,94.0,0.0,2.2,5.4,0.0,0.6,7.1000000000000005
Dover,1617,99.4,80.8,1887.0,1.6,216250.0,355097.0,0.0,0.5,853.0,100.0,100.0,0.0,0.0,0.0,0.0,0.0,0.0,0.0,0.0,94.8,5.2,2539.0,107.4,43.9,89.5,0.0,0.0,14.1,0.0,0.0,0.4
Duxbury,3528,98.31292517006803,78.19353741496599,2326.768140589569,6.077324263038548,163608.30839002266,224479.12868480725,2.2483560090702945,3.0515873015873014,1188.5289115646258,89.15487528344671,92.2065192743764,4.261337868480726,0.80640589569161,0.5419501133786848,2.1160430839002267,0.0,0.0,0.0,0.0,91.15487528344671,8.845124716553288,2963.87641723356,100.84518140589569,48.11921768707483,97.95804988662131,0.0,0.2032312925170068,1.6354875283446713,0.0,0.2032312925170068,0.9645124716553288
Eastham,13891,96.65851990497444,40.66973580015838,15332.0,6.316984085572659,64224.849726063134,79490.02400208714,4.256170101747978,9.2,10710.0,75.67469654528477,65.07404295051354,3.8747899159663866,9.03828197945845,8.466760037348273,5.1495798319327735,4.434360410830999,3.933706816059757,0.0715219421101774,0.0,68.7029878618114,31.29701213818861,17572.0,94.95328932392442,46.269610744366034,95.54586842704302,2.452310493967676,0.49173685408604595,3.244047348053722,0.0,1.354131572956977,4.215615752333258
Edgartown,496,98.6,44.2,508.0,0.0,58750.0,82355.0,0.0,0.0,806.0,28.0,91.4,0.0,8.6,0.0,0.0,0.0,0.0,0.0,0.0,68.6,31.4,508.0,59.2,61.0,96.1,3.7,0.0,0.0,0.0,0.2,0.6
Essex,1046,98.3,58.1,1180.0,4.9,114479.0,126180.0,2.7,7.0,675.0,89.0,64.0,9.9,19.9,6.2,0.0,0.0,0.0,0.0,0.0,86.0,14.0,1393.0,89.3,47.3,100.0,0.0,0.0,0.0,0.0,0.0,0.0
Everett,31559,81.8,20.0,36938.0,5.2,65528.0,78819.0,10.9,12.6,17066.0,93.9,19.3,7.1,31.3,24.2,4.0,4.1,9.5,0.5,0.0,38.6,61.4,46118.0,97.5,35.9,61.7,21.1,1.5,9.6,0.1,10.9,28.3
Fall River,62973,74.6,15.4,72650.0,8.4,43503.0,57807.0,17.3,19.7,42689.0,90.1,23.3,1.5,11.9,33.5,16.5,4.7,8.5,0.1,0.1,36.3,63.7,89388.0,94.3,39.6,84.6,8.3,2.1,2.1,0.1,7.5,10.5
Falmouth,11563,92.15842774366513,45.60334688229698,3806.7279252789067,3.8608665571218546,74835.74989189657,107274.95018593791,4.273985989795036,5.055495978552279,3495.7018939721524,57.068139756118654,85.93958315316095,2.8407160771426097,2.5797457407247255,3.7916025252962036,1.4969817521404478,0.7060105508950965,2.6878491740897688,0.0,0.0,74.736365994984,25.263634005015998,4391.156879702499,85.92584969298625,57.239384242843556,94.59554613854534,3.19803684165009,1.086992994897518,2.1080601919916977,0.053463634005016004,2.184969298624924,1.678465796073683
Fiskdale,2145,96.8,42.4,2412.0,4.7,70952.0,88973.0,5.0,7.7,1192.0,100.0,59.0,5.5,2.9,3.4,3.9,3.5,21.7,0.0,0.0,59.4,40.6,3087.0,84.4,38.1,96.2,0.1,0.0,3.7,0.0,0.0,2.7
Fitchburg,26208,85.1,21.0,32434.0,8.3,57207.0,70654.0,11.3,15.7,16575.0,90.3,42.4,6.1,13.9,17.9,6.0,2.7,10.1,0.8,0.0,53.5,46.5,40702.0,99.7,35.5,84.4,7.4,1.4,2.9,0.4,8.6,28.8
Forestdale,2813,96.6,30.0,3271.0,2.5,98182.0,109514.0,4.1,3.7,1599.0,89.7,95.2,2.1,0.0,0.9,0.0,0.0,1.8,0.0,0.0,88.9,11.1,3791.0,90.6,49.4,99.6,0.0,0.5,0.4,0.0,0.0,0.7
Foxborough,4685,88.8,45.3,5176.0,6.8,70530.0,108565.0,3.8,10.8,2728.0,100.0,28.4,9.8,5.4,12.6,36.5,3.7,3.5,0.0,0.0,40.3,59.7,6296.0,103.4,45.1,85.4,15.3,0.3,6.2,0.0,0.0,6.5
Framingham,51702,90.3,47.6,59667.0,5.0,82709.0,106832.0,5.7,8.4,29449.0,95.8,50.3,6.1,6.9,6.5,3.6,6.4,19.8,0.2,0.1,53.9,46.1,72308.0,96.6,38.9,71.6,8.6,0.9,8.5,0.4,12.7,16.1
Franklin,21806,97.3,55.7,26502.0,4.1,122607.0,148748.0,2.5,4.0,12192.0,97.9,66.6,9.8,4.8,4.3,2.9,4.0,7.6,0.0,0.0,80.7,19.3,33256.0,92.9,41.1,92.9,2.5,0.2,6.6,0.0,0.3,1.6
Gardner,15014,89.0,18.3,16978.0,3.9,49679.0,68349.0,9.0,13.9,9125.0,90.2,47.4,3.2,10.7,13.2,5.5,5.6,12.6,1.7,0.1,52.0,48.0,20610.0,106.6,41.0,90.9,5.4,1.2,3.7,0.0,3.1,9.3
Gloucester,23175,92.5,39.9,25671.0,4.4,72574.0,96980.0,6.2,10.0,14878.0,88.1,56.1,5.5,15.3,11.7,4.0,2.3,5.2,0.0,0.0,64.0,36.0,30162.0,93.8,50.9,95.8,3.2,0.4,2.4,0.0,0.5,2.4
Granby,1023,94.9,47.2,1193.0,4.7,96397.0,99932.0,0.0,2.5,687.0,88.1,74.8,1.9,1.7,5.7,13.4,0.0,2.5,0.0,0.0,80.0,20.0,1272.0,97.8,50.2,98.3,0.0,0.0,1.4,1.4,1.7,12.7
Great Barrington,1677,90.5,44.1,1796.0,2.9,49368.0,70188.0,0.0,6.1,1274.0,82.8,40.4,1.1,16.7,4.8,19.2,9.2,7.7,0.9,0.0,53.5,46.5,2070.0,85.3,49.3,94.8,3.9,0.0,0.0,0.0,2.9,8.9
Green Harbor-Cedar Crest,2160,92.0,38.6,2349.0,7.8,111250.0,114958.0,0.0,2.5,1427.0,68.3,96.1,1.2,0.0,2.7,0.0,0.0,0.0,0.0,0.0,85.9,14.1,2703.0,83.0,53.3,100.0,0.0,0.0,0.0,0.0,0.0,0.0
Greenfield,13178,91.4,34.7,14709.0,5.1,50478.0,68274.0,6.7,11.4,8521.0,94.6,49.0,4.6,12.5,13.6,9.4,3.0,6.9,0.9,0.0,56.3,43.7,17375.0,98.9,43.7,92.5,3.5,0.4,2.4,0.1,3.6,7.7
Groton,812,87.9,45.3,1058.0,9.2,65303.0,139255.0,4.0,9.7,516.0,100.0,50.2,2.5,13.8,7.6,8.3,1.4,16.3,0.0,0.0,55.2,44.8,1345.0,111.1,41.3,90.9,1.9,9.2,8.4,0.0,0.0,2.1
Hanscom AFB,998,99.8,57.3,1220.0,4.9,108056.0,110557.0,0.0,0.0,577.0,96.0,31.0,60.0,0.0,6.6,1.0,0.0,1.4,0.0,0.0,0.0,100.0,2045.0,124.2,24.4,84.0,5.9,0.0,16.0,0.0,0.2,13.7
Hanson,1251,97.8,30.8,1510.0,2.7,97500.0,108544.0,3.9,3.7,673.0,92.1,97.5,0.0,0.0,2.5,0.0,0.0,0.0,0.0,0.0,97.3,2.7,1769.0,104.5,44.6,99.4,1.3,0.0,0.6,0.0,0.0,1.5
Harwich,9664,96.64200124172186,47.55353890728477,10651.0,5.916758989766219,75796.72237348606,90605.95483992113,3.4165430476011642,6.387005914937564,10585.0,51.32994803967879,90.19082664147378,2.510958904109589,1.2526027397260273,1.14235238545111,2.7729050543221536,0.6105621162021729,1.3362116202172885,0.06851204534718942,0.0,84.26871043930089,15.731289560699103,12147.0,90.51246398287643,57.0177492384951,94.69654235613731,3.7827035482012015,0.6686753931011772,0.5610932740594385,0.11844899975302543,1.7760105375812956,2.2328064542685433
Hatfield,1030,99.2,33.4,1191.0,1.8,64688.0,84899.0,0.0,4.8,668.0,94.5,58.2,8.8,13.6,8.7,4.3,0.0,6.3,0.0,0.0,62.9,37.1,1305.0,91.6,54.0,93.6,1.0,1.7,0.0,0.0,3.8,6.4
Haverhill,43435,90.8,29.8,50420.0,5.2,69426.0,86187.0,10.0,12.5,25641.0,94.6,40.2,12.5,12.8,12.1,6.9,5.5,9.7,0.2,0.0,57.1,42.9,63533.0,93.4,36.8,83.7,6.3,0.7,2.2,0.4,11.2,23.2
Hingham,4160,98.4,76.9,4897.0,3.8,161607.0,261675.0,0.0,2.8,2234.0,99.6,84.2,2.8,4.2,4.3,0.0,0.0,4.5,0.0,0.0,85.7,14.3,6461.0,83.4,43.1,99.0,0.7,0.0,0.3,0.0,0.0,0.5
Holbrook,7909,93.5,28.2,9460.0,2.5,76055.0,95665.0,3.1,5.7,4355.0,95.8,76.0,0.0,3.7,4.7,2.7,3.7,6.4,2.7,0.0,81.4,18.6,11045.0,87.9,44.2,76.5,19.2,0.9,4.5,0.0,3.2,6.6
Holland,1068,93.6,25.6,1288.0,4.0,67454.0,93390.0,2.4,5.5,999.0,62.0,97.6,0.0,0.4,0.0,0.0,0.0,1.5,0.5,0.0,84.3,15.7,1547.0,104.4,42.4,99.2,0.3,0.3,0.3,0.0,0.3,1.7
Holyoke,26855,79.4,21.5,31987.0,6.0,40769.0,59685.0,25.4,29.3,16981.0,90.0,32.9,4.0,14.4,11.1,16.7,9.7,11.1,0.1,0.0,40.7,59.3,40241.0,94.0,35.2,89.7,6.3,0.8,1.1,0.1,5.0,53.9
Hopedale,2472,94.9,40.3,2774.0,7.1,107278.0,107169.0,3.3,4.9,1413.0,93.3,52.1,22.3,14.2,5.2,3.8,0.0,2.5,0.0,0.0,76.0,24.0,3363.0,101.6,47.8,98.0,0.6,0.0,1.2,0.0,1.3,0.4
Hopkinton,2005,90.5,57.6,2419.0,9.9,112014.0,160907.0,0.0,2.5,1173.0,96.1,64.4,13.0,2.9,11.3,1.7,0.0,6.7,0.0,0.0,71.1,28.9,3098.0,64.0,40.6,95.6,3.3,0.1,4.2,0.0,0.4,4.7
Housatonic,528,85.4,25.2,695.0,0.0,35481.0,58525.0,11.8,14.1,488.0,90.8,64.8,0.0,4.9,30.3,0.0,0.0,0.0,0.0,0.0,61.2,38.8,753.0,81.9,57.6,88.8,0.0,0.0,0.0,0.0,11.2,20.1
Hudson,11285,89.9,40.4,12905.0,3.2,82431.0,100724.0,5.6,5.7,6434.0,96.6,49.3,5.6,10.8,10.6,6.2,6.9,7.4,3.2,0.0,68.9,31.1,15346.0,95.2,43.9,94.4,1.3,0.3,3.0,0.0,1.4,7.0
Hull,8428,96.2,45.8,9263.0,6.7,88476.0,113431.0,2.8,4.8,5907.0,80.7,65.9,2.4,4.8,7.2,7.3,4.7,7.6,0.2,0.0,71.7,28.3,10455.0,86.4,53.5,98.1,1.0,0.7,2.0,0.0,0.3,1.7
Huntington,492,84.8,11.6,567.0,3.4,52500.0,56334.0,6.0,9.0,361.0,90.3,60.7,1.7,7.2,11.1,9.1,1.9,0.0,8.3,0.0,63.2,36.8,634.0,98.1,40.9,97.5,0.0,2.8,0.0,0.0,2.1,2.1
Ipswich,3424,95.3,47.1,3851.0,6.8,65893.0,89351.0,5.6,9.6,2225.0,94.9,37.8,10.7,14.0,22.4,10.9,2.6,0.4,1.2,0.0,57.1,42.9,4699.0,84.6,44.4,93.3,4.2,0.3,3.4,0.0,0.9,3.6
Kingston,4261,97.3,39.7,4936.0,2.5,90754.0,110433.0,1.2,3.0,2748.0,88.8,67.9,5.2,6.5,10.2,5.5,3.6,0.5,0.7,0.0,70.2,29.8,6278.0,99.4,41.9,99.1,2.4,0.0,0.0,0.0,0.9,5.3
Lakeville,2254,95.1,36.7,2513.0,3.8,75509.0,103144.0,6.6,5.5,1312.0,96.2,62.70000000000001,5.9,4.0,6.900000000000001,4.7,1.7999999999999998,14.0,0.0,0.0,64.3,35.7,3114.0,100.1,42.9,91.5,8.0,2.2,0.6,0.0,2.1,3.9
Lawrence,49650,67.0,10.8,61396.0,9.3,44613.0,59685.0,19.0,21.4,27681.0,93.8,20.1,7.3,14.7,30.4,7.8,5.0,14.5,0.1,0.1,31.0,69.0,79942.0,95.8,32.3,55.2,7.6,0.5,1.9,0.3,37.6,80.6
Lee,1355,91.0,28.4,1511.0,3.9,55686.0,70047.0,0.0,2.3,867.0,87.9,49.4,0.0,16.7,2.3,18.1,5.9,7.6,0.0,0.0,45.1,54.9,1717.0,113.6,44.1,86.4,1.0,0.0,0.2,0.0,12.3,2.2
Lenox,1559,95.1,46.9,1738.0,6.0,49167.0,89605.0,0.0,7.2,1111.0,91.8,32.3,0.0,6.6,4.1,11.4,9.2,36.5,0.0,0.0,41.1,58.9,1899.0,68.4,61.5,97.3,1.6,0.6,0.9,0.0,1.3,6.2
Leominster,29419,88.0,29.2,33595.0,5.9,61825.0,81488.0,10.2,12.6,17725.0,95.0,46.5,5.3,9.9,10.6,7.5,7.7,11.7,0.9,0.0,57.8,42.2,41606.0,90.6,40.5,84.5,8.6,1.1,4.1,0.1,5.8,18.4
Lexington,22787,98.4,84.7,25723.0,3.6,186201.0,231819.0,2.0,3.2,12154.0,97.2,76.6,6.5,2.5,2.4,1.7,3.7,6.6,0.0,0.0,81.7,18.3,33340.0,93.9,45.7,67.1,2.6,0.5,32.6,0.2,1.1,2.1
Littleton,2391,98.0,49.7,2699.0,4.3,107907.0,124533.0,6.300000000000001,7.099999999999999,1306.0,100.0,90.5,1.0,1.4,4.7,2.4,0.0,0.0,0.0,0.0,90.6,9.4,3293.0,90.0,45.3,95.29999999999998,0.6,1.5,6.5,0.0,0.0,1.6
Lowell,72095,81.9,24.1,90068.0,5.8,56878.0,72670.0,13.7,19.0,41786.0,94.3,31.7,5.6,15.9,12.3,9.5,8.7,16.1,0.1,0.1,42.3,57.7,111306.0,99.9,33.5,63.2,9.4,1.1,23.7,0.3,5.1,18.1
Lunenburg,1307,95.3,37.3,1507.0,2.6,113750.0,122202.0,1.5,2.9,741.0,92.3,90.1,2.4,1.3,6.1,0.0,0.0,0.0,0.0,0.0,95.6,4.4,1778.0,81.2,44.4,99.5,0.1,0.0,4.9,0.0,0.0,0.2
Madaket,255,100.0,53.7,274.0,10.8,101563.0,127276.0,0.0,21.9,650.0,17.4,93.8,0.6,0.0,1.1,4.5,0.0,0.0,0.0,0.0,91.2,8.8,274.0,82.7,51.3,100.0,0.0,0.0,0.0,0.0,0.0,0.0
Malden,43469,87.2,39.0,50043.0,5.0,65975.0,85003.0,12.0,15.5,24406.0,94.3,24.9,6.3,22.1,11.5,4.0,5.1,25.7,0.5,0.0,41.0,59.0,60984.0,91.8,34.6,55.7,20.0,0.6,23.8,0.2,3.1,8.5
Mansfield,5751,95.79999999999998,49.5,6514.0,4.2,92642.0,119842.0,2.3,4.1,3409.0,93.8,50.3,3.1,12.9,8.1,5.8,8.9,10.9,0.0,0.0,63.0,37.0,7905.0,96.7,39.6,93.7,2.2,0.8,6.0,0.0,0.3,6.6
Marblehead,14715,98.6,71.3,16510.0,4.9,123333.0,172829.0,2.7,4.4,8716.0,93.2,69.5,5.0,8.3,10.8,4.3,1.0,1.1,0.0,0.0,77.8,22.2,20500.0,88.9,47.9,96.5,1.7,0.0,2.2,0.0,0.5,5.0
Marion,829,94.9,60.2,931.0,11.1,77109.0,161994.0,0.0,9.4,524.0,78.4,98.7,0.0,0.0,1.3,0.0,0.0,0.0,0.0,0.0,76.9,23.1,1076.0,82.1,54.8,91.0,3.5,0.0,8.7,0.0,0.0,0.2
Marshfield,5036,97.61211278792692,56.87541699761715,3079.0405083399523,4.354328832406672,106573.75734710088,131428.25575853852,7.516600476568705,10.11902303415409,1634.3129467831614,95.70242255758538,78.28923749007149,3.284432088959492,1.0179904686258934,4.723193010325655,7.084789515488483,4.520770452740271,1.1470611596505162,0.0,0.0,75.8542891183479,24.145710881652107,4078.1004765687053,89.40277998411437,42.21556791104051,98.96020651310565,0.13494837172359014,0.06747418586179507,0.6349483717235901,0.0,1.2145353455123116,2.3615965051628276
Mashpee,929,98.7,56.6,1151.0,3.6000000000000005,114904.0,178678.0,2.7,5.0,648.0,79.8,98.6,1.4,0.0,0.0,0.0,0.0,0.0,0.0,0.0,88.6,11.4,1386.0,94.4,45.8,90.4,0.9,1.5,9.7,0.0,0.0,2.1
Mattapoisett Center,2482,98.4,50.0,3018.0,2.9,93826.0,159992.0,1.9,2.8,1819.0,76.5,84.9,0.7,6.9,5.8,0.0,0.0,1.7,0.0,0.0,71.6,28.4,3354.0,88.7,52.1,98.3,0.0,0.5,0.0,0.0,1.7,2.9
Maynard,7815,96.5,51.1,8671.0,1.2,105254.0,127380.0,3.1,3.8,4667.0,91.3,58.0,9.1,10.4,4.1,8.7,6.9,2.9,0.0,0.0,78.8,21.2,10754.0,95.2,41.7,93.8,2.2,0.4,1.9,0.0,3.4,3.4
Medfield,4610,97.9,69.8,5225.0,2.0,127048.0,161849.0,3.3,4.0,2585.0,97.7,71.7,5.3,3.2,2.8,5.1,6.9,5.0,0.0,0.0,78.7,21.3,6966.0,96.9,43.5,93.0,1.7,0.5,6.1,0.0,0.0,1.2
Medford,41431,92.9,53.8,49853.0,2.8,96455.0,120481.0,3.8,8.8,24108.0,95.1,32.5,8.3,27.8,8.5,2.8,2.6,17.3,0.2,0.0,56.2,43.8,57637.0,96.1,35.3,79.0,11.4,0.7,11.8,0.1,1.7,6.5
Melrose,20322,95.9,61.6,23268.0,2.8,106955.0,135189.0,1.8,4.1,11787.0,96.1,57.2,3.2,9.8,2.8,3.6,4.8,18.2,0.0,0.4,65.8,34.2,28113.0,85.7,41.3,90.6,4.3,0.1,6.9,0.0,0.5,3.2
Methuen,34750,88.3,28.1,41418.0,6.0,77484.0,96043.0,6.8,9.2,18700.0,95.8,60.6,6.9,9.0,7.5,2.9,5.8,6.9,0.3,0.0,71.8,28.2,50282.0,92.6,40.7,78.1,6.8,0.9,4.6,0.0,13.4,29.5
Middleborough,4981,93.4,25.2,6038.0,3.2,66525.0,84009.0,18.2,18.3,3260.0,85.4,37.0,9.1,15.3,14.3,8.9,9.5,5.4,0.5,0.0,53.4,46.6,7343.0,101.7,35.0,95.9,3.5,1.0,0.0,0.0,1.7,3.0
Milford,17913,86.9,34.3,20407.0,5.3,80371.0,92640.0,8.5,11.1,10489.0,95.2,53.9,11.2,10.8,8.3,4.7,6.7,4.1,0.4,0.0,66.4,33.6,26084.0,97.5,38.2,83.0,2.9,0.7,2.9,0.0,13.2,15.5
Millers Falls,894,89.6,17.1,1072.0,11.6,57917.0,72156.0,5.6,10.2,530.0,92.1,63.4,2.8,16.0,11.9,5.8,0.0,0.0,0.0,0.0,73.0,27.0,1284.0,90.8,40.1,99.8,0.5,0.7,0.5,0.0,0.0,0.5
Millis,3279,96.5,47.5,3671.0,1.8,82847.0,98167.0,0.9,2.7,2063.0,93.5,55.9,9.7,2.5,6.5,4.9,11.0,9.5,0.0,0.0,76.0,24.0,4658.0,91.5,43.6,92.1,4.0,0.0,1.8999999999999997,0.0,2.4,1.1
Milton,17820,94.7,61.0,21486.0,3.6,133718.0,172407.0,3.5,4.7,9316.0,95.3,73.5,3.6,10.9,2.2,0.8,1.7,7.2,0.0,0.0,84.3,15.7,27572.0,88.7,39.5,75.7,17.2,1.0,7.9,0.5,1.7,3.2
Monomoscoy Island,100,91.0,31.0,100.0,0.0,75625.0,110282.0,0.0,0.0,155.0,38.7,100.0,0.0,0.0,0.0,0.0,0.0,0.0,0.0,0.0,56.7,43.3,100.0,100.0,60.0,100.0,0.0,0.0,0.0,0.0,0.0,0.0
Monson,1450,96.0,23.9,1659.0,9.8,64673.0,77818.0,4.7,9.3,933.0,89.9,62.1,0.0,11.5,13.9,8.8,2.6,1.2,0.0,0.0,60.7,39.3,1881.0,101.6,44.0,97.0,2.5,1.1,0.0,0.0,0.5,0.6
Monument Beach,2110,96.4,30.1,2444.0,0.0,73860.0,90002.0,4.3,4.9,1657.0,75.9,69.0,17.5,8.3,1.1,0.8,0.0,3.1,0.0,0.0,78.2,21.8,2807.0,94.3,54.1,87.2,2.0,1.9,11.2,0.0,12.4,9.2
Nahant,2772,97.0,57.2,3088.0,2.5,97778.0,138334.0,1.9,2.4,1724.0,92.9,69.5,1.2,11.2,3.9,6.8,3.8,3.6,0.0,0.0,70.5,29.5,3502.0,86.6,52.3,96.8,0.1,0.5,2.5,0.0,1.0,1.5
Nantucket,5812,95.1,51.4,6492.0,2.2,110473.0,141324.0,2.0,7.0,7122.0,36.7,81.8,4.0,8.6,3.2,1.5,0.0,0.5,0.5,0.0,67.8,32.2,7984.0,99.8,39.4,91.8,5.8,0.9,2.0,0.3,2.0,5.1
Needham,20559,97.8,76.0,23711.0,4.0,165547.0,223894.0,1.4,2.7,11309.0,95.5,76.4,5.4,3.8,1.6,2.2,1.6,8.9,0.0,0.0,83.9,16.1,30970.0,92.2,43.5,87.4,3.4,0.3,10.6,0.0,0.7,3.2
New Bedford,63772,76.4,17.0,76157.0,6.4,46321.0,61328.0,15.8,20.3,42593.0,91.3,30.8,1.8,17.6,28.8,10.8,2.9,7.1,0.1,0.1,40.2,59.8,95239.0,93.1,36.6,67.1,10.2,0.8,2.0,0.2,25.8,20.8
New Seabury,651,100.0,63.7,710.0,0.0,110250.0,149382.0,0.0,3.5,1968.0,21.4,77.0,12.1,1.5,3.4,1.3,3.0,1.6,0.0,0.0,88.9,11.1,710.0,92.4,69.2,100.0,0.0,0.0,0.0,0.0,0.0,1.4
Newburyport,13474,96.9,62.4,14814.0,3.5,109839.0,145502.0,4.5,5.9,8655.0,90.5,50.9,13.0,9.5,6.9,7.6,2.6,8.8,0.7,0.0,77.2,22.8,18077.0,83.6,48.9,95.7,3.0,0.1,2.5,0.1,0.3,2.8
Newton,58219,97.4,79.2,72238.0,2.8,151068.0,207563.0,2.5,4.3,32551.0,94.2,56.8,7.8,16.2,4.4,2.2,2.9,9.5,0.1,0.0,72.0,28.0,88593.0,86.9,41.0,79.9,4.0,0.3,17.1,0.1,2.3,4.9
Northampton,19416,93.8,60.1,24708.0,3.7,66522.0,93153.0,7.0,13.7,12065.0,93.6,46.7,6.0,11.0,11.2,10.6,5.6,8.9,0.0,0.0,55.5,44.5,28516.0,72.3,40.0,92.3,3.5,1.1,5.3,0.3,2.2,8.7
Northborough,4472,94.4,58.7,5150.0,2.9,114303.0,156624.0,1.7,3.3,2392.0,94.8,74.4,6.3,5.7,6.7,3.7,1.0,2.2,0.0,0.0,76.0,24.0,6298.0,88.7,44.6,90.5,1.7,0.4,8.4,0.0,1.5,3.2
Northfield,819,94.9,45.3,902.0,2.1,82000.0,96968.0,2.8,5.9,570.0,83.9,70.2,0.0,10.2,8.9,1.8,1.8,7.2,0.0,0.0,75.5,24.5,1032.0,84.0,51.6,100.0,0.0,0.0,0.0,0.0,0.0,0.0
Norton Center,964,95.2,49.3,2650.0,6.8,120536.0,132970.0,0.0,16.9,437.0,100.0,77.1,10.1,0.0,6.4,6.4,0.0,0.0,0.0,0.0,91.1,8.9,2774.0,90.7,21.4,85.8,9.8,0.0,4.3,0.0,2.1,4.5
Norwood,21580,94.7,47.4,24183.0,3.0,90133.0,108643.0,6.5,8.1,12602.0,95.0,47.3,7.3,9.6,10.8,5.6,11.7,7.6,0.2,0.0,57.5,42.5,29306.0,89.1,40.8,85.7,8.0,0.6,5.8,0.1,1.5,6.8
Ocean Bluff-Brant Rock,3644,99.5,41.2,4397.0,5.4,83101.0,98164.0,1.9,6.8,2949.0,67.2,95.0,0.5,1.3,0.9,0.1,0.5,1.6,0.0,0.0,84.6,15.4,5199.0,88.7,47.9,98.8,1.8,0.0,0.5,0.0,0.0,1.4
Ocean Grove,2372,94.6,16.9,2688.0,10.5,67861.0,79090.0,2.6,12.4,1457.0,89.8,80.5,0.0,13.4,1.5,0.0,0.0,0.0,4.6,0.0,82.0,18.0,3092.0,106.8,45.7,96.2,0.2,0.0,2.7,0.0,1.7,1.0
Onset,654,88.4,19.0,724.0,20.8,42727.0,46268.0,46.5,26.7,1366.0,36.0,76.3,0.0,5.8,3.1,0.0,3.8,1.4,9.6,0.0,64.8,35.2,754.0,97.9,58.3,60.2,12.5,0.0,0.0,0.0,27.3,0.0
Orange,2748,92.2,16.1,3137.0,8.6,57547.0,67055.0,4.8,9.4,1706.0,90.9,57.9,0.6,20.7,12.3,5.9,0.9,0.0,1.6,0.0,68.5,31.5,3772.0,92.6,43.1,97.1,0.8,0.8,3.4,0.0,0.0,3.0
Orleans,1580,97.8,40.4,1636.0,4.8,54750.0,71199.0,8.4,10.4,1507.0,59.9,54.8,7.2,6.2,9.6,4.8,4.2,13.1,0.0,0.0,72.4,27.6,1798.0,77.5,61.9,86.4,11.5,0.0,0.0,2.1,2.1,3.5
Oxford,4004,92.7,25.7,4493.0,4.9,61227.0,77591.0,5.9,7.2,2403.0,92.5,69.5,0.6,11.9,14.2,1.9,1.3,0.6,0.0,0.0,74.3,25.7,5595.0,114.3,41.3,93.6,1.1,0.4,1.5,0.1,4.5,4.7
Palmer,8781,91.7,24.9,10332.0,6.4,64651.0,78561.0,7.9,11.3,5377.0,90.8,61.9,2.1,13.4,8.5,5.2,2.0,2.1,4.9,0.0,71.7,28.3,12237.0,91.6,42.6,94.2,6.1,1.8,2.4,0.0,1.8,4.5
Peabody,39396,90.1,34.0,44911.0,4.0,73217.0,94587.0,6.7,8.6,22538.0,96.3,51.1,4.8,7.2,9.6,4.4,5.5,14.5,2.7,0.1,65.8,34.2,52906.0,92.1,45.8,92.6,5.0,0.6,1.5,0.0,3.1,9.9
Pembroke,2408,98.1,47.8,2825.0,3.7,96866.0,109926.0,1.4,3.7,1379.0,97.20000000000002,69.2,4.1,0.0,0.0,7.5,3.8,15.400000000000002,0.0,0.0,69.4,30.6,3458.0,92.6,46.0,93.9,6.4,0.0,0.7,0.0,3.5,1.5
Pepperell,3394,94.781319976429,29.938479670005897,2016.9286977018266,4.87142015321155,78888.16440777843,92707.20565704184,8.41756040070713,11.387860931054801,1043.184443134944,93.4362993517973,57.19681791396582,9.530760164997051,6.612080141426047,10.504360636417207,5.234060106069535,4.140659988214496,6.365880966411314,0.4153800824985268,0.0,66.5792575132587,33.42074248674131,2413.301119622864,90.52527990571598,44.022038892162634,96.64395992928696,4.036240424278138,0.7186800235710076,1.3120801414260461,0.0,0.5406599882144961,3.6593400117855035
Petersham,202,98.0,45.5,238.0,0.0,66458.0,115142.0,0.0,4.3,120.0,84.2,86.7,0.0,2.5,10.8,0.0,0.0,0.0,0.0,0.0,76.2,23.8,259.0,89.1,51.4,98.8,5.0,0.0,0.0,0.0,0.0,8.5
Pinehurst,5229,91.8,33.0,5930.0,4.7,107159.0,124086.0,2.6,4.0,2536.0,96.0,89.8,3.3,6.2,0.0,0.4,0.4,0.0,0.0,0.0,92.9,7.1,7283.0,105.2,42.3,88.2,4.5,0.2,9.8,0.0,0.5,1.8
Pittsfield,31531,90.7,28.5,35757.0,5.7,51411.0,69764.0,10.6,13.4,21752.0,88.8,53.0,3.2,15.8,12.1,4.9,4.1,5.6,1.2,0.0,61.8,38.2,42766.0,90.0,44.4,90.6,7.9,0.7,2.4,0.1,2.5,6.8
Plymouth,8382,92.57081842042473,30.10462896683369,5083.679074206633,4.166547363397757,63157.41589119542,87898.84061083273,6.744834168456216,10.501240753996658,3081.7179670722976,88.19341445955618,39.41904080171796,10.582557862085421,16.408184204247195,11.624910522548317,6.480959198282032,7.957122405153902,7.491815795752803,0.0,0.0,50.60231448341684,49.39768551658315,6022.264614650441,83.65373419231686,43.343951324266285,93.10231448341685,4.633094726795515,0.810498687664042,1.033452636602243,0.0,3.4186828919112386,2.5249105225483177
Pocasset,2335,97.4,41.6,2677.0,2.5,61722.0,88787.0,2.7,5.0,2365.0,63.3,82.1,2.1,1.2,2.2,5.0,0.7,5.4,1.4,0.0,71.5,28.5,2893.0,104.2,60.0,99.1,0.3,0.0,0.0,0.0,0.6,0.9
Popponesset,112,100.0,68.8,141.0,0.0,-666666666.0,38569.0,47.2,44.0,451.0,15.5,93.6,0.0,0.0,6.4,0.0,0.0,0.0,0.0,0.0,85.7,14.3,150.0,154.2,62.3,100.0,0.0,0.0,0.0,0.0,0.0,0.0
Popponesset Island,34,100.0,76.5,34.0,0.0,-666666666.0,-999999999.0,0.0,0.0,47.0,36.2,100.0,0.0,0.0,0.0,0.0,0.0,0.0,0.0,0.0,100.0,0.0,34.0,100.0,81.1,100.0,0.0,0.0,0.0,0.0,0.0,0.0
Provincetown,2500,95.2,55.4,2585.0,7.1,58313.0,99872.0,3.9,10.3,4417.0,35.5,40.1,8.2,13.9,25.7,6.8,1.5,3.3,0.6,0.0,78.7,21.3,2730.0,133.1,57.0,94.7,4.0,0.8,3.5,0.3,1.6,4.5
Quincy,73038,88.2,45.1,82087.0,5.1,77562.0,94360.0,8.0,11.3,43736.0,94.2,33.0,4.8,12.8,11.2,5.5,5.0,27.5,0.1,0.1,46.2,53.8,94207.0,94.5,39.7,62.7,5.8,0.4,31.4,0.3,1.4,3.1
Randolph,23956,86.0,28.1,28213.0,6.5,82510.0,96069.0,7.6,8.6,12381.0,95.6,60.2,10.8,3.2,2.5,3.4,6.2,13.6,0.0,0.0,67.9,32.1,34064.0,92.8,40.7,34.7,47.5,0.7,13.2,0.0,7.1,8.8
Raynham,3414,95.5,41.4,3834.0,3.3,99760.0,103322.0,2.2,5.5,1828.0,96.9,72.7,0.0,3.6,0.0,2.7,2.9,18.1,0.0,0.0,73.3,26.7,4923.0,78.5,36.8,95.9,3.3,0.0,2.0,0.0,0.5,1.3
Reading,17828,97.5,64.4,19792.0,3.1,132731.0,147262.0,2.0,2.8,9419.0,97.6,73.5,3.4,3.6,2.9,2.4,4.1,10.1,0.0,0.0,84.1,15.9,25132.0,97.4,43.2,94.0,0.6,0.1,4.9,0.2,1.5,3.0
Revere,38991,84.0,22.9,43947.0,5.4,62568.0,81075.0,10.2,12.7,20559.0,93.5,28.8,5.5,25.6,12.4,4.1,2.5,20.1,1.0,0.0,49.9,50.1,53692.0,101.3,39.2,83.1,9.0,0.9,5.4,0.1,7.0,33.6
Rockport,4242,97.9,58.1,4640.0,3.7,81765.0,112663.0,5.4,5.8,3094.0,77.6,63.4,6.4,12.9,10.4,5.6,0.7,0.5,0.0,0.0,68.9,31.1,5260.0,73.4,56.7,99.5,0.1,0.2,1.1,0.0,0.4,1.0
Rowley,1216,100.0,45.3,1373.0,7.1,79554.0,121590.0,0.0,1.9,589.0,100.0,67.1,13.9,6.6,0.0,6.3,3.1,3.1,0.0,0.0,79.1,20.9,1629.0,86.8,50.7,95.0,0.0,0.0,4.7,0.0,0.9,3.1
Russell,386,97.2,20.7,446.0,7.0,49073.0,58851.0,11.1,8.9,256.0,96.5,66.8,0.0,7.4,6.3,5.5,0.0,0.0,14.1,0.0,85.0,15.0,526.0,76.5,45.3,95.8,8.2,1.0,0.0,0.0,0.0,10.8
Rutland,1737,98.6,34.4,1861.0,2.4,84833.0,94455.0,4.8,5.8,950.0,87.8,78.4,0.0,0.0,10.9,1.2,0.0,1.5,8.0,0.0,68.8,31.2,2360.0,124.5,41.1,97.7,0.0,0.0,2.3,0.0,0.0,2.7
Sagamore,2684,98.3,36.5,3128.0,3.4,91688.0,118016.0,3.9,4.6,1876.0,79.8,80.8,3.6,7.3,2.5,2.2,3.6,0.0,0.0,0.0,77.3,22.7,3675.0,92.6,46.0,93.3,3.2,0.0,3.3,0.0,2.9,2.7
Salisbury,4149,95.1,42.6,4458.0,4.0,78787.0,104478.0,4.0,5.6,3532.0,67.2,45.2,10.2,11.2,11.5,8.2,3.1,6.9,3.8,0.0,74.7,25.3,5131.0,111.3,48.0,99.2,1.3,0.9,0.3,0.4,0.3,4.0
Sandwich,4928,97.59040178571429,59.693831168831174,2880.447646103896,3.863271103896104,101094.09983766233,133199.86241883118,1.129383116883117,4.570028409090909,2110.210633116883,63.93104707792208,90.06278409090909,2.743486201298701,1.9412337662337662,0.631635551948052,0.5095982142857143,1.1536728896103896,3.0575892857142857,0.0,0.0,89.43624188311688,10.563758116883117,3254.799310064935,91.0932426948052,53.25651379870129,98.40734577922079,0.0,0.0,1.592654220779221,0.0,0.0,3.357589285714286
Saugus,21100,91.8,28.8,23897.0,5.0,88667.0,103270.0,7.1,9.8,11118.0,93.8,67.1,5.9,10.1,2.1,2.0,2.7,6.9,3.2,0.0,80.6,19.4,28215.0,96.0,47.1,92.4,2.5,0.4,4.9,0.0,1.5,8.6
Scituate,7717,96.33514319035895,57.37571595179474,4311.115200207334,3.1371906181158487,126104.41661267332,154831.161720876,3.1,4.249047557340936,2168.1666450693274,96.27247635091356,83.94085784631334,5.454904755734094,1.4824284048205263,3.386380717895555,2.851094985097836,1.1588570688091226,1.8254762213295324,0.0,0.0,85.56442918232473,14.435570817675261,5326.210444473241,89.33471556304264,48.94523778670468,98.1215239082545,0.5254762213295322,0.0,0.4960476869249709,0.0,2.031475962161462,0.38433329013865486
Seabrook,430,100.0,60.0,486.0,0.0,109000.0,128280.0,0.0,3.5,323.0,74.3,97.8,2.2,0.0,0.0,0.0,0.0,0.0,0.0,0.0,100.0,0.0,517.0,79.5,62.1,100.0,0.0,0.0,0.0,0.0,0.0,0.0
Seconsett Island,40,100.0,22.5,40.0,0.0,-666666666.0,-999999999.0,0.0,0.0,77.0,24.7,100.0,0.0,0.0,0.0,0.0,0.0,0.0,0.0,0.0,0.0,100.0,40.0,90.5,37.9,100.0,0.0,0.0,0.0,0.0,0.0,0.0
Seekonk,1900,90.9,31.4,1989.0,6.1,87700.0,88753.0,10.3,8.2,1088.0,91.4,86.6,3.1,1.3,2.3,0.0,0.0,1.5,5.2,0.0,83.4,16.6,2398.0,100.8,48.1,99.4,1.4,0.0,0.0,0.0,3.5,10.5
Sharon,3833,98.4,72.9,4443.0,4.5,144333.0,173768.0,0.0,2.0,2195.0,94.4,85.2,2.4,5.7,2.6,0.9,0.8,2.4,0.0,0.0,88.9,11.1,5914.0,98.1,40.7,88.2,1.4,0.5,10.3,0.0,1.5,2.8
Shelburne,1454,92.5,37.2,1532.0,8.5,44313.0,62189.0,11.6,15.2,1028.0,90.4,48.0,0.0,23.9,19.7,3.9,1.5,1.1,1.9,0.0,53.4,46.6,1806.0,88.7,52.70000000000001,90.40000000000002,2.9,0.0,7.7,0.0,0.0,0.9
Shirley,1583,98.3,15.6,1755.0,1.5,65507.0,75261.0,3.5,5.7,988.0,95.2,49.0,0.0,8.9,17.3,13.1,11.7,0.0,0.0,0.0,50.3,49.7,1861.0,109.8,58.1,97.0,2.1,1.3,4.7,0.0,0.0,0.0
Siasconset,67,100.0,55.2,81.0,0.0,64250.0,83251.0,0.0,11.8,1056.0,3.7,98.6,0.0,1.4,0.0,0.0,0.0,0.0,0.0,0.0,100.0,0.0,81.0,161.3,78.0,87.7,11.1,0.0,1.2,0.0,0.0,0.0
Smith Mills,3462,88.0,28.8,3854.0,4.6,70692.0,77661.0,9.1,11.7,2123.0,94.4,67.2,0.8,1.0,5.5,3.5,10.0,12.1,0.0,0.0,61.9,38.1,4678.0,89.9,46.2,97.4,1.9,0.1,2.0,0.0,0.5,0.1
Somerset,13739,90.9,27.5,15210.0,3.3,84115.0,101068.0,2.2,3.9,7332.0,94.9,82.2,1.4,7.7,4.9,0.6,0.9,2.3,0.0,0.0,80.0,20.0,18165.0,98.2,47.1,98.8,0.5,0.1,0.4,0.0,0.8,0.9
Somerville,59890,90.6,64.4,72357.0,3.3,97328.0,117141.0,8.2,11.5,34633.0,94.7,10.3,4.1,28.9,27.1,9.2,5.1,15.4,0.0,0.1,33.6,66.4,80906.0,98.3,31.3,79.7,8.6,0.8,11.6,0.1,3.8,12.4
South Ashburnham,699,94.1,23.7,742.0,5.6,79670.0,85017.0,0.0,0.0,330.0,100.0,90.9,4.5,0.0,0.0,0.0,0.0,4.5,0.0,0.0,95.5,4.5,924.0,92.9,44.4,100.0,0.0,0.0,0.0,0.0,0.0,3.5
South Lancaster,1352,86.6,47.5,1400.0,4.6,66786.0,78950.0,0.0,7.6,895.0,85.4,53.9,1.6,11.3,13.4,18.3,0.0,1.6,0.0,0.0,53.0,47.0,1630.0,98.3,56.6,92.6,1.1,0.0,7.2,0.0,0.0,13.6
Southbridge,11439,82.6,17.2,13614.0,8.8,51270.0,64448.0,16.7,20.7,7368.0,92.5,37.7,2.6,16.1,21.7,11.4,5.8,4.3,0.5,0.0,44.2,55.8,16887.0,95.5,39.3,86.2,5.3,1.6,0.5,0.1,10.9,32.9
Spencer,4365,87.5,9.6,5070.0,6.8,59331.0,69358.0,5.3,12.2,2871.0,86.4,37.4,0.7,20.5,23.1,13.1,0.6,3.8,0.8,0.0,49.3,50.7,5792.0,116.5,44.8,91.8,3.3,1.4,6.4,0.0,0.0,3.7
Stoneham,17675,95.4,46.3,19556.0,3.1,101549.0,120525.0,2.6,5.0,9921.0,97.4,55.6,1.5,6.7,7.0,3.0,6.6,19.5,0.1,0.0,65.4,34.6,23223.0,100.3,43.8,91.2,3.5,0.3,5.0,0.1,1.1,3.3
Sturbridge,1589,99.8,47.8,1778.0,0.0,102059.0,119174.0,3.2,5.0,919.0,95.5,72.0,0.0,6.6,5.4,0.0,10.2,1.2,4.5,0.0,83.9,16.1,2243.0,85.4,45.0,94.1,2.6,0.0,4.1,0.0,0.0,1.8
Swampscott,10709,97.4,57.3,12108.0,3.3,113407.0,144767.0,1.8,3.1,6073.0,95.2,58.7,5.4,11.7,9.6,2.5,0.2,11.1,1.0,0.0,77.1,22.9,15002.0,84.8,44.8,95.7,2.9,0.2,2.6,0.0,0.8,2.5
Taunton,39811,84.6,22.6,45772.0,6.5,62865.0,80085.0,10.8,14.2,23922.0,93.5,45.7,5.9,14.3,14.5,5.9,4.0,5.9,3.7,0.1,62.4,37.6,57124.0,91.3,39.6,83.5,11.1,0.7,2.3,0.2,6.5,9.0
Teaticket,1356,98.5,47.9,1480.0,3.7,64028.0,92758.0,1.7,6.4,1562.0,54.4,77.1,10.1,1.5,4.6,1.3,0.0,5.2,0.0,0.0,80.1,19.9,1697.0,104.0,56.9,96.7,5.0,0.0,0.8,0.0,0.4,5.4
The Pinehills,1391,98.8,69.8,1419.0,4.5,101518.0,146590.0,0.0,4.9,874.0,94.4,32.4,32.4,0.0,2.7,3.7,2.1,26.8,0.0,0.0,67.0,33.0,1419.0,67.1,68.9,94.5,0.0,0.0,5.5,0.0,0.0,0.0
Topsfield,2131,96.3,68.0,2407.0,6.0,135444.0,145419.0,6.6,7.8,1088.0,97.2,75.9,8.3,1.5,9.6,3.1,0.0,1.7,0.0,0.0,81.1,18.9,3216.0,99.9,43.2,99.8,0.0,0.5,1.2,0.0,0.0,2.5
Townsend,886,92.4,21.3,1007.0,3.1,72500.0,83552.0,0.0,5.8,572.0,95.5,70.6,2.1,0.0,5.6,3.1,0.0,18.5,0.0,0.0,71.2,28.8,1310.0,85.3,39.3,95.4,1.6,0.0,2.9,0.0,0.1,6.5
Turners Falls,3064,92.6,25.7,3438.0,4.7,38899.0,54757.0,9.1,12.7,2178.0,92.5,46.4,1.9,23.7,10.4,7.7,4.3,5.6,0.0,0.0,52.6,47.4,4010.0,82.4,46.3,90.6,3.1,5.3,0.4,0.0,5.0,8.3
Upton,1806,97.7,50.7,1927.0,4.9,89507.0,120387.0,0.0,2.6,1053.0,91.1,58.7,6.1,15.2,8.6,5.6,0.0,5.8,0.0,0.0,63.5,36.5,2292.0,137.0,47.9,97.9,2.4,0.0,0.0,0.0,0.7,7.9
Vineyard Haven,1594,93.0,38.1,1771.0,4.3,62521.0,95907.0,0.0,8.0,1691.0,56.5,91.8,0.0,4.6,2.1,1.5,0.0,0.0,0.0,0.0,59.7,40.3,2123.0,122.8,43.5,86.9,9.9,0.0,0.0,0.0,3.2,0.1
Wakefield,20100,94.5,51.2,22420.0,3.1,100278.0,129924.0,2.1,4.2,11137.0,96.3,58.8,4.5,13.2,7.2,3.5,2.1,10.6,0.0,0.1,74.5,25.5,26993.0,91.0,43.9,94.7,2.2,0.1,3.2,0.1,1.2,3.5
Walpole,4322,93.2,46.9,4760.0,2.9,94375.0,117674.0,2.0,4.2,2666.0,96.8,52.8,17.0,6.9,2.9,12.0,7.4,1.1,0.0,0.0,72.5,27.5,6197.0,102.4,41.2,85.7,1.5,0.7,5.4,0.0,7.3,10.5
Waltham,42824,92.0,54.2,55065.0,3.0,95964.0,115461.0,5.3,9.3,25136.0,94.2,35.8,5.6,13.4,14.2,10.0,8.7,12.1,0.3,0.0,51.7,48.3,62777.0,95.4,34.3,75.5,8.8,1.0,12.9,0.1,5.6,13.6
Ware,4287,88.2,22.0,4769.0,5.8,42550.0,56279.0,21.8,20.9,3130.0,85.3,42.8,8.6,13.5,13.6,9.2,7.3,2.2,2.8,0.0,50.7,49.3,5888.0,90.1,40.2,97.7,2.5,1.2,0.0,0.2,0.8,10.7
Wareham,3894,86.64422187981509,16.021263482280432,4274.0,4.908376228357511,46359.857744501634,62336.03041647169,8.778474496958353,13.115910154422085,3049.0,77.94293210888816,62.25136110200065,4.927550016398819,2.6781567727123647,4.0379796654640865,7.583863561823549,0.0,3.2436864545752706,15.277402427025255,0.0,58.49858970154149,41.50141029845851,5464.0,83.19895680819911,45.120607613469986,86.22015007320644,10.299249633967788,4.047309663250366,0.661493411420205,0.661493411420205,6.192240117130306,4.441343338213763
Warren,435,100.0,16.3,435.0,19.5,21000.0,37634.0,0.0,17.1,396.0,75.3,41.7,0.0,22.5,16.9,6.3,6.3,6.3,0.0,0.0,50.7,49.3,510.0,78.9,42.0,100.0,0.0,0.0,0.0,0.0,0.0,0.0
Watertown,27845,95.0,65.9,30404.0,3.5,101103.0,124756.0,4.9,7.6,16570.0,94.3,23.5,9.0,32.6,10.1,3.1,3.0,18.6,0.0,0.0,51.8,48.2,35401.0,87.5,38.2,85.1,2.5,0.4,11.3,0.3,3.4,9.2
Webster,8360,84.9,19.0,9846.0,7.9,49051.0,65583.0,6.9,11.9,5343.0,91.2,29.6,5.2,16.2,28.6,10.1,3.3,5.7,1.3,0.0,41.1,58.9,11943.0,91.3,40.6,83.4,7.4,0.4,1.2,0.0,11.0,15.7
Wellesley,15964,97.9,83.8,22365.0,4.6,197132.0,287793.0,3.1,4.4,8926.0,94.7,81.1,3.5,2.1,3.7,1.4,0.9,7.3,0.1,0.0,80.9,19.1,28747.0,76.3,35.6,83.3,3.6,0.4,14.8,0.3,1.2,5.1
Westborough,2935,94.3,55.2,3218.0,2.4,87557.0,118911.0,4.9,6.8,1843.0,93.8,44.8,2.9,16.0,6.6,5.7,5.0,19.0,0.0,0.0,55.3,44.7,3957.0,96.8,41.5,91.9,1.3,1.7,5.8,0.0,0.5,5.9
Westfield,27397,89.5,32.2,35052.0,4.3,67862.0,86684.0,5.1,7.2,16061.0,95.1,59.0,1.9,12.4,7.9,5.6,1.9,8.5,3.0,0.0,67.1,32.9,41449.0,92.6,39.6,93.5,2.3,0.3,3.1,0.3,1.8,9.5
Westport,3321,79.6,29.5,3694.0,2.0,67522.0,89913.0,4.9,7.8,2007.0,96.0,78.0,0.6,9.6,2.2,3.2,0.0,3.6,2.0,0.7,79.7,20.3,4510.0,97.4,49.5,98.9,0.3,0.0,0.0,0.0,1.4,1.7
Weweantic,1350,93.0,25.6,1389.0,2.2,75536.0,87540.0,10.0,9.9,891.0,79.7,90.9,1.5,0.0,1.6,0.0,3.1,2.9,0.0,0.0,82.1,17.9,1797.0,83.7,43.2,88.5,2.9,0.0,6.1,4.7,4.1,0.0
Weymouth,41855,93.8,39.2,47753.0,5.8,84942.0,100858.0,4.3,6.0,24570.0,96.6,57.1,4.7,6.0,3.0,3.8,5.5,19.5,0.4,0.0,67.0,33.0,56734.0,90.4,42.4,85.7,6.3,0.3,7.5,0.2,1.8,3.8
White Island Shores,1850,94.5,12.3,2223.0,6.5,90475.0,90405.0,5.8,11.1,1118.0,81.3,100.0,0.0,0.0,0.0,0.0,0.0,0.0,0.0,0.0,78.0,22.0,2634.0,114.1,39.7,75.8,1.4,6.9,3.3,0.0,18.3,6.5
Whitinsville,4745,94.2,31.5,5332.0,6.4,77340.0,89884.0,5.0,6.1,2667.0,95.8,40.3,16.8,8.0,13.3,9.9,3.3,8.5,0.0,0.0,51.6,48.4,7220.0,80.0,36.3,91.4,5.8,1.9,6.8,0.8,1.7,5.7
Wilbraham,2434,92.2,50.6,2737.0,1.0,111100.0,138448.0,0.0,3.5,1244.0,95.5,82.7,7.6,0.0,5.6,2.7,1.3,0.0,0.0,0.0,90.2,9.8,3466.0,95.3,46.7,97.8,1.5,0.0,0.9,0.0,0.4,6.8
Williamstown,1581,94.1,69.4,4119.0,4.6,82917.0,106611.0,5.6,10.7,1446.0,73.1,53.4,2.5,8.7,17.6,11.3,1.9,2.8,1.8,0.0,62.8,37.2,4506.0,81.5,21.4,82.5,6.7,0.5,11.5,0.1,3.5,9.1
Wilmington,16386,95.3,43.5,19005.0,3.2,125922.0,143076.0,2.2,2.9,8073.0,98.6,85.1,3.5,0.9,2.0,0.9,4.6,3.0,0.1,0.0,85.8,14.2,23377.0,97.1,42.1,89.0,4.2,0.3,7.0,0.1,1.2,1.0
Winchendon,2884,91.1,25.3,3403.0,4.1,56773.0,80896.0,8.3,12.3,1814.0,86.8,46.9,5.5,11.5,24.3,5.8,5.2,0.8,0.0,0.0,50.2,49.8,3999.0,99.9,40.5,91.4,2.4,1.0,5.8,0.0,1.5,4.1
Winchester,15116,98.6,77.3,16960.0,2.0,169623.0,227899.0,1.5,2.3,8125.0,97.0,72.5,8.6,6.7,1.8,1.6,2.0,6.5,0.3,0.0,86.4,13.6,22738.0,94.7,42.8,83.5,0.8,0.5,16.5,0.3,1.7,2.1
Winthrop,14263,95.5,38.3,15688.0,3.6,74069.0,102769.0,5.4,8.8,8367.0,93.6,32.7,2.5,26.9,13.6,4.7,4.7,14.8,0.0,0.0,55.9,44.1,18542.0,88.3,44.9,95.0,3.7,0.2,1.3,0.0,1.9,9.5
Woburn,29255,94.3,45.4,33526.0,3.0,91022.0,108751.0,4.4,6.3,16872.0,94.4,51.7,7.2,9.0,6.5,4.7,6.3,14.4,0.1,0.0,61.3,38.7,40304.0,102.3,40.0,81.6,7.4,0.4,9.8,0.4,3.5,4.6
Woods Hole,724,98.9,81.2,741.0,2.4,97569.0,188991.0,7.7,9.8,1053.0,42.1,91.6,1.6,0.8,3.0,2.3,0.0,0.7,0.0,0.0,80.4,19.6,816.0,42.2,61.8,96.7,0.0,0.0,1.0,0.0,3.3,0.0
Worcester,121514,84.7,30.2,154224.0,5.6,48139.0,68613.0,14.6,20.0,78438.0,91.3,31.7,5.7,9.6,24.0,8.3,5.8,14.7,0.2,0.0,41.3,58.7,185143.0,96.3,34.7,72.6,15.6,1.2,8.3,0.2,6.5,21.9
Yarmouth,17674,94.48214326128776,36.324674663347295,19482.0,4.142079868596653,64626.982958628476,82620.0203264552,4.528477569038086,6.708726003490401,16238.0,61.814429116886316,79.7746951595024,6.441920187215174,2.560641704643429,1.7279775834462372,2.604046064786304,1.5363961078950608,5.294697622859958,0.0,0.0,77.75278359403868,22.247216405961325,22074.0,83.73119960134095,54.052179034157824,92.31959771677086,3.86898160732083,0.728268551236749,2.9690993929509832,0.4628295732536015,2.450711243997463,2.859241641750476
